subject_id	subject	source
5486	national book critics circle award winner	OpenLib
5487	award:national_book_critics_circle_award	OpenLib
5488	accessible book	OpenLib
5489	candide	OpenLib
5490	civilization	OpenLib
5491	classic literature	OpenLib
5492	conduct of life	OpenLib
5493	enlightenment	OpenLib
5494	ethics	OpenLib
5495	fiction	OpenLib
5496	french fiction	OpenLib
5497	french language	OpenLib
5498	french literature	OpenLib
5499	imaginary letters	OpenLib
5500	lending library	OpenLib
5501	life	OpenLib
5502	lifestyles	OpenLib
5503	marie arouet de	OpenLib
5504	modern philosophy	OpenLib
5505	moral conditions	OpenLib
5506	overdrive	OpenLib
5507	personal conduct	OpenLib
5508	philosophy	OpenLib
5509	readers	OpenLib
5510	translations into chinese	OpenLib
5511	translations into english	OpenLib
5512	voltaire	OpenLib
5513	protected daisy	OpenLib
5514	politics and government	OpenLib
5515	early works to 1800	OpenLib
5516	satire	OpenLib
5517	french satire	OpenLib
5518	literatura francesa	OpenLib
5519	in library	OpenLib
5520	popular print disabled books	OpenLib
5521	nose	OpenLib
5522	intellectuals	OpenLib
5523	intellectual life	OpenLib
5524	novelists	OpenLib
5525	city and town life	OpenLib
5526	obsessive-compulsive disorder	OpenLib
5527	gay men	OpenLib
5528	stalking	OpenLib
5529	mystery	OpenLib
5530	psychological fiction	OpenLib
5531	domestic fiction	OpenLib
5532	large type books	OpenLib
5533	breast	OpenLib
5534	college teachers	OpenLib
5535	david kepesh 	OpenLib
5536	fiction in english	OpenLib
5537	metamorphosis	OpenLib
5538	extraversion	OpenLib
5539	introverts	OpenLib
5540	interpersonal relations	OpenLib
5541	introversion	OpenLib
5542	new york times bestseller	OpenLib
5543	nyt:combined_print_nonfiction	OpenLib
5544	science fiction	OpenLib
5545	private investigators	OpenLib
5546	university of cambridge	OpenLib
5547	fantasy fiction	OpenLib
5548	dirk gently 	OpenLib
5549	history	OpenLib
5550	drama	OpenLib
5551	married women	OpenLib
5552	seduction	OpenLib
5553	english literature	OpenLib
5554	english drama 	OpenLib
5555	comedy	OpenLib
5556	spanish fiction	OpenLib
5557	criminals	OpenLib
5558	gamblers	OpenLib
5559	morphine abuse	OpenLib
5560	morphine habit	OpenLib
5561	gambling	OpenLib
5562	national book award winner	OpenLib
5563	award:national_book_award	OpenLib
5564	fantômas 	OpenLib
5565	literature	OpenLib
5566	thriller	OpenLib
5567	disappeared persons	OpenLib
5568	novelas chilenas	OpenLib
5569	women journalists	OpenLib
5570	man booker prize winner	OpenLib
5571	award:man_booker_prize	OpenLib
5572	english fiction	OpenLib
5573	black comedy	OpenLib
5574	information science	OpenLib
5575	information society	OpenLib
5576	kidnapping victims	OpenLib
5577	women	OpenLib
5578	historic bridges	OpenLib
5579	motion picture plays	OpenLib
5580	polish fiction	OpenLib
5581	classical mythology	OpenLib
5582	world war	OpenLib
5583	ficción	OpenLib
5584	war stories	OpenLib
5585	historical fiction	OpenLib
5586	guerra mundial ii	OpenLib
5587	american literature	OpenLib
5588	romans	OpenLib
5589	guerre mondiale	OpenLib
5590	cuban authors	OpenLib
5591	biography	OpenLib
5592	fathers and daughters	OpenLib
5593	missing persons	OpenLib
5594	friendship	OpenLib
5595	girls	OpenLib
5596	women painters	OpenLib
5597	humorous stories	OpenLib
5598	basques	OpenLib
5599	ship captains	OpenLib
5600	motherless families	OpenLib
5601	rejection 	OpenLib
5602	books and reading	OpenLib
5603	appreciation	OpenLib
5604	young women	OpenLib
5605	horror tales	OpenLib
5606	sisters	OpenLib
5607	courtship	OpenLib
5608	social classes	OpenLib
5609	adoptees	OpenLib
5610	children of the rich	OpenLib
5611	uncles	OpenLib
5612	cousins	OpenLib
5613	country homes	OpenLib
5614	female friendship	OpenLib
5615	families	OpenLib
5616	mate selection	OpenLib
5617	social life and customs	OpenLib
5618	english love stories	OpenLib
5619	invalids	OpenLib
5620	identity 	OpenLib
5621	magicians	OpenLib
5622	older men	OpenLib
5623	vaudeville	OpenLib
5624	high school teachers	OpenLib
5625	poets	OpenLib
5626	dog owners	OpenLib
5627	homeless persons	OpenLib
5628	dogs	OpenLib
5629	motivation	OpenLib
5630	motivation 	OpenLib
5631	struggle	OpenLib
5632	success	OpenLib
5633	psychological aspects	OpenLib
5634	opportunity	OpenLib
5635	achievement	OpenLib
5636	boys	OpenLib
5637	bildungsromans	OpenLib
5638	retirees	OpenLib
5639	british	OpenLib
5640	detective and mystery stories	OpenLib
5641	homes and haunts	OpenLib
5642	american authors	OpenLib
5643	solitude	OpenLib
5644	natural history	OpenLib
5645	wilderness areas	OpenLib
5646	civil disobedience	OpenLib
5647	resistance to government	OpenLib
5648	comic books	OpenLib
5649	juvenile literature	OpenLib
5650	walden woods	OpenLib
5651	massachusetts	OpenLib
5652	english essays	OpenLib
5653	indexes	OpenLib
5654	1817-1862	OpenLib
5655	wildnerness areas	OpenLib
5656	essays	OpenLib
5657	nonfiction	OpenLib
5658	androids	OpenLib
5659	rick deckard 	OpenLib
5660	twenty-first century	OpenLib
5661	hombres	OpenLib
5662	igbo 	OpenLib
5663	men	OpenLib
5664	missionaries	OpenLib
5665	novela histórica	OpenLib
5666	race relations	OpenLib
5667	readers 	OpenLib
5668	relaciones raciales	OpenLib
5669	tribes	OpenLib
5670	american manuscripts	OpenLib
5671	americans	OpenLib
5672	brett ashley 	OpenLib
5673	expatriation	OpenLib
5674	facsimiles	OpenLib
5675	france	OpenLib
5676	manuscripts	OpenLib
5677	spain	OpenLib
5678	ashley brett 	OpenLib
5679	middle earth 	OpenLib
5680	english fantasy fiction	OpenLib
5681	frodo baggins 	OpenLib
5682	frodo baggins	OpenLib
5683	gandalf 	OpenLib
5684	textual criticism	OpenLib
5685	macondo 	OpenLib
5686	apartment dwellers	OpenLib
5687	high-rise apartment buildings	OpenLib
5688	dystopias	OpenLib
5689	women physicians	OpenLib
5690	high technology industries	OpenLib
5691	married people	OpenLib
5692	industrial districts	OpenLib
5693	translations from french	OpenLib
5694	chinese fiction	OpenLib
5695	eccentrics and eccentricities	OpenLib
5696	journalists	OpenLib
5697	serial murders	OpenLib
5698	science fiction & fantasy	OpenLib
5699	american fiction	OpenLib
5700	antislavery movements	OpenLib
5701	truthfulness and falsehood	OpenLib
5702	reminiscing in old age	OpenLib
5703	scholars	OpenLib
5704	widowers	OpenLib
5705	secrets	OpenLib
5706	jewish men	OpenLib
5707	prisoners	OpenLib
5708	murderers	OpenLib
5709	order 	OpenLib
5710	campaigns	OpenLib
5711	trench warfare	OpenLib
5712	silk industry	OpenLib
5713	travel	OpenLib
5714	french	OpenLib
5715	english poets	OpenLib
5716	psychiatrists	OpenLib
5717	soldiers	OpenLib
5718	rural conditions	OpenLib
5719	twins	OpenLib
5720	nyt:hardcover_fiction	OpenLib
5721	biographers	OpenLib
5722	literary historians	OpenLib
5723	in literature	OpenLib
5724	life change events	OpenLib
5725	memory	OpenLib
5726	middle-aged men	OpenLib
5727	male friendship	OpenLib
5728	college students	OpenLib
5729	geishas	OpenLib
5730	prostitution	OpenLib
5731	sherlock holmes 	OpenLib
5732	blessing and cursing	OpenLib
5733	mystery and detective stories	OpenLib
5734	john h. watson 	OpenLib
5735	children's stories	OpenLib
5736	english detective and mystery stories	OpenLib
5737	english short stories	OpenLib
5738	juvenile fiction	OpenLib
5739	novela policíaca inglesa	OpenLib
5740	novela policíaca juvenil	OpenLib
5741	short stories	OpenLib
5742	translations into russian	OpenLib
5743	misogyny	OpenLib
5744	man-woman relationships	OpenLib
5745	mental depression	OpenLib
5746	women college students	OpenLib
5747	suicidal behavior	OpenLib
5748	mentally ill	OpenLib
5749	psychiatric hospital patients	OpenLib
5750	mental illness	OpenLib
5751	women authors	OpenLib
5752	treatment	OpenLib
5753	women periodical editors	OpenLib
5754	suicide	OpenLib
5755	autobiographical fiction	OpenLib
5756	puritans	OpenLib
5757	adultery	OpenLib
5758	illegitimate children	OpenLib
5759	triangles 	OpenLib
5760	clergy	OpenLib
5761	revenge	OpenLib
5762	women immigrants	OpenLib
5763	study guides	OpenLib
5764	examinations	OpenLib
5765	young adult fiction	OpenLib
5766	femmes	OpenLib
5767	human relations	OpenLib
5768	adultère	OpenLib
5769	vocabulary	OpenLib
5770	littérature	OpenLib
5771	sat 	OpenLib
5772	english language	OpenLib
5773	women tailors	OpenLib
5774	puritains	OpenLib
5775	illegitimacy	OpenLib
5776	mortal sin	OpenLib
5777	the scarlet letter 	OpenLib
5778	nathaniel hawthorne	OpenLib
5779	hester prynne 	OpenLib
5780	puritans-massachusetts-fiction	OpenLib
5781	women-massachusetts-fiction	OpenLib
5782	romance norte americano	OpenLib
5783	death	OpenLib
5784	fatherhood	OpenLib
5785	fathers	OpenLib
5786	fathers and sons	OpenLib
5787	runaway teenagers	OpenLib
5788	grandparent and child	OpenLib
5789	marital conflict	OpenLib
5790	french erotic stories	OpenLib
5791	holocaust	OpenLib
5792	jews	OpenLib
5793	stepfathers	OpenLib
5794	foster home care	OpenLib
5795	family problems	OpenLib
5796	family life	OpenLib
5797	juvenile fiction 	OpenLib
5798	mothers and daughters	OpenLib
5799	applied psychology	OpenLib
5800	exito	OpenLib
5801	persuasion 	OpenLib
5802	psicología aplicada	OpenLib
5803	public speaking	OpenLib
5804	self-realization	OpenLib
5805	worry	OpenLib
5806	éxito	OpenLib
5807	description and travel	OpenLib
5808	inheritance and succession	OpenLib
5809	authors	OpenLib
5810	biography & autobiography	OpenLib
5811	childhood and youth	OpenLib
5812	irish authors	OpenLib
5813	revolutionaries	OpenLib
5814	gay	OpenLib
5815	princes	OpenLib
5816	slave trade	OpenLib
5817	slave trade in literature	OpenLib
5818	slavery	OpenLib
5819	slavery in literature	OpenLib
5820	slaves	OpenLib
5821	sources	OpenLib
5822	failure 	OpenLib
5823	middle aged men	OpenLib
5824	adaptations	OpenLib
5825	german language	OpenLib
5826	london 	OpenLib
5827	orphans	OpenLib
5828	poor	OpenLib
5829	poor children	OpenLib
5830	readers for new literates	OpenLib
5831	robbers and outlaws	OpenLib
5832	textbooks for foreign speakers	OpenLib
5833	thieves	OpenLib
5834	american science fiction	OpenLib
5835	dune 	OpenLib
5836	hugo award winner	OpenLib
5837	imaginary places	OpenLib
5838	award:hugo_award	OpenLib
5839	prize:hugo	OpenLib
5840	prize:nebula	OpenLib
5841	africa	OpenLib
5842	dreams	OpenLib
5843	psychology	OpenLib
5844	franco-prussian war	OpenLib
5845	older women	OpenLib
5846	austrian authors	OpenLib
5847	friends and associates	OpenLib
5848	philosophers	OpenLib
5849	african americans	OpenLib
5850	black power	OpenLib
5851	civil rights	OpenLib
5852	economic conditions	OpenLib
5853	homeowners	OpenLib
5854	political activity	OpenLib
5855	political aspects of property tax	OpenLib
5856	property tax	OpenLib
5857	suburban life	OpenLib
5858	police	OpenLib
5859	harry bosch 	OpenLib
5860	anecdotes	OpenLib
5861	presidents	OpenLib
5862	statesmen	OpenLib
5863	musicologists	OpenLib
5864	cocaine industry	OpenLib
5865	infanticide	OpenLib
5866	women slaves	OpenLib
5867	african american women	OpenLib
5868	social conditions	OpenLib
5869	afro-americans	OpenLib
5870	ohio	OpenLib
5871	19th century	OpenLib
5872	korean language materials	OpenLib
5873	german fiction	OpenLib
5874	tabloid newspapers	OpenLib
5875	sensationalism in journalism	OpenLib
5876	violence	OpenLib
5877	self-preservation	OpenLib
5878	greek mythology	OpenLib
5879	monsters	OpenLib
5880	labyrinths	OpenLib
5881	camps	OpenLib
5882	titans 	OpenLib
5883	mythical animals	OpenLib
5884	atrocities	OpenLib
5885	auschwitz 	OpenLib
5886	birkenau 	OpenLib
5887	concentration camps	OpenLib
5888	literature and the war	OpenLib
5889	polish war stories	OpenLib
5890	guardian and ward	OpenLib
5891	watchmen 	OpenLib
5892	graphic novels	OpenLib
5893	heroes	OpenLib
5894	nyt:paperback_graphic_books	OpenLib
5895	cookery 	OpenLib
5896	oysters	OpenLib
5897	gastronomy	OpenLib
5898	crime	OpenLib
5899	english translations	OpenLib
5900	fiction in spanish	OpenLib
5901	guilt	OpenLib
5902	murder	OpenLib
5903	novela policíaca	OpenLib
5904	novela psicológica	OpenLib
5905	mystery fiction	OpenLib
5906	russian literature	OpenLib
5907	translations into yiddish	OpenLib
5908	alienation in teenagers	OpenLib
5909	preparatory schools	OpenLib
5910	american adventure stories	OpenLib
5911	american sea stories	OpenLib
5912	baleines	OpenLib
5913	captain ahab 	OpenLib
5914	cartoons and comics	OpenLib
5915	chasse	OpenLib
5916	sailors	OpenLib
5917	sea stories	OpenLib
5918	shipwrecks	OpenLib
5919	translations into french	OpenLib
5920	whales	OpenLib
5921	whales in literature	OpenLib
5922	whaling	OpenLib
5923	whaling in literature	OpenLib
5924	whaling ships	OpenLib
5925	russia	OpenLib
5926	napoleonic wars	OpenLib
5927	napoleon	OpenLib
5928	soviet union	OpenLib
5929	invasion of russia	OpenLib
5930	napoleon i	OpenLib
5931	soviet union 	OpenLib
5932	napoléan	OpenLib
5933	voǐna i mir	OpenLib
5934	translations from russian	OpenLib
5935	genetic engineering	OpenLib
5936	passivity 	OpenLib
5937	totalitarianism	OpenLib
5938	collectivism	OpenLib
5939	utopias	OpenLib
5940	propaganda	OpenLib
5941	brainwashing	OpenLib
5942	science and state	OpenLib
5943	science	OpenLib
5944	moral and ethical aspects of science	OpenLib
5945	social problems	OpenLib
5946	control 	OpenLib
5947	ciencia-ficción	OpenLib
5948	lavado de cerebro	OpenLib
5949	culture	OpenLib
5950	history and criticism	OpenLib
5951	governesses	OpenLib
5952	england	OpenLib
5953	mentally ill women	OpenLib
5954	charity-schools	OpenLib
5955	upper class	OpenLib
5956	married men	OpenLib
5957	love stories	OpenLib
5958	manners and customs	OpenLib
5959	gothic fiction	OpenLib
5960	vietnamese language books	OpenLib
5961	detente	OpenLib
5962	university of chicago. center for the study of american foreign policy	OpenLib
5963	american academy of political and social science	OpenLib
5964	americans for democratic action	OpenLib
5965	carnegie endowment for international peace	OpenLib
5966	rockefeller foundation	OpenLib
5967	new york times	OpenLib
5968	american jewish congress	OpenLib
5969	council on foreign relations	OpenLib
5970	international relations	OpenLib
5971	correspondence	OpenLib
5972	commentary 	OpenLib
5973	university of chicago. center for the study of american foreign and military policy	OpenLib
5974	vietnam war	OpenLib
5975	university of chicago	OpenLib
5976	academic committee on soviet jewry	OpenLib
5977	new republic 	OpenLib
5978	political science	OpenLib
5979	faculty	OpenLib
5980	new york review of books	OpenLib
5981	new leader 	OpenLib
5982	new school for social research 	OpenLib
5983	foreign relations	OpenLib
5984	country life	OpenLib
5985	foundlings	OpenLib
5986	heathcliff 	OpenLib
5987	landscape in literature	OpenLib
5988	love	OpenLib
5989	reading books	OpenLib
5990	rural families	OpenLib
5991	study and teaching	OpenLib
5992	tragedy	OpenLib
5993	romantic fiction	OpenLib
5994	character	OpenLib
5995	groups	OpenLib
5996	loneliness	OpenLib
5997	mothers	OpenLib
5998	sons	OpenLib
5999	housing	OpenLib
6000	young men	OpenLib
6001	child labor	OpenLib
6002	mongolian literature	OpenLib
6003	coming of age	OpenLib
6004	employment	OpenLib
6005	children	OpenLib
6006	foreign participation	OpenLib
6007	guerrilla warfare	OpenLib
6008	spain civil war	OpenLib
6009	europeans	OpenLib
6010	degeneration	OpenLib
6011	trading posts	OpenLib
6012	imperialism	OpenLib
6013	fugitives from justice	OpenLib
6014	english psychological fiction	OpenLib
6015	diaries	OpenLib
6016	suffering	OpenLib
6017	conrad	OpenLib
6018	romance	OpenLib
6019	heart of darkness 	OpenLib
6020	literatura inglesa 	OpenLib
6021	discovery and exploration	OpenLib
6022	journeys	OpenLib
6023	poor families	OpenLib
6024	women murderers	OpenLib
6025	children of clergy	OpenLib
6026	women domestics	OpenLib
6027	women household employees	OpenLib
6028	english manuscripts	OpenLib
6029	criticism and interpretation	OpenLib
6030	adult child sexual abuse victims	OpenLib
6031	abused wives	OpenLib
6032	african american authors	OpenLib
6033	fishers	OpenLib
6034	fishing stories	OpenLib
6035	ancianos	OpenLib
6036	amistad entre hombres	OpenLib
6037	pescadores	OpenLib
6038	kratka proza	OpenLib
6039	ameriška književnost	OpenLib
6040	belief and doubt	OpenLib
6041	birthfathers	OpenLib
6042	christian fiction	OpenLib
6043	predestination	OpenLib
6044	vietnamese conflict	OpenLib
6045	executions and executioners	OpenLib
6046	lookalikes	OpenLib
6047	loyalty	OpenLib
6048	political refugees	OpenLib
6049	alice 	OpenLib
6050	children's literature	OpenLib
6051	english adventure stories	OpenLib
6052	english fantasy literature	OpenLib
6053	fairy tales	OpenLib
6054	fantasy	OpenLib
6055	gregg	OpenLib
6056	shorthand	OpenLib
6057	specimens	OpenLib
6058	texts	OpenLib
6059	toy and movable books	OpenLib
6060	translations from english	OpenLib
6061	translations into german	OpenLib
6062	translations into greek	OpenLib
6063	nonsense verses	OpenLib
6064	through the looking glass	OpenLib
6065	translations into korean	OpenLib
6066	humor 	OpenLib
6067	english nonsense verses	OpenLib
6068	translations into portuguese	OpenLib
6069	translations into italian	OpenLib
6070	artists' illustrated books	OpenLib
6071	alicia 	OpenLib
6072	greek fantastic fiction	OpenLib
6073	translations into catalan	OpenLib
6074	translations into spanish	OpenLib
6075	tea	OpenLib
6076	fantasía	OpenLib
6077	ficción juvenil	OpenLib
6078	novela fantástica	OpenLib
6079	portuguese language materials	OpenLib
6080	queen of hearts	OpenLib
6081	mad hatter	OpenLib
6082	english fantastic fiction	OpenLib
6083	playing cards	OpenLib
6084	croquet	OpenLib
6085	animals	OpenLib
6086	teenage girls	OpenLib
6087	ex-convicts	OpenLib
6088	family	OpenLib
6089	false testimony	OpenLib
6090	teenagers	OpenLib
6091	great britain	OpenLib
6092	atonement	OpenLib
6093	african american men	OpenLib
6094	harry hole 	OpenLib
6095	investigation	OpenLib
6096	middle class	OpenLib
6097	physicians' spouses	OpenLib
6098	suicide victims	OpenLib
6099	technique	OpenLib
6100	husband and wife	OpenLib
6101	critique et interprétation	OpenLib
6102	physicians	OpenLib
6103	emma bovary 	OpenLib
6104	novelas francesas	OpenLib
6105	spouses	OpenLib
6106	charles bovary 	OpenLib
6107	social reformers	OpenLib
6108	text-books for foreigners	OpenLib
6109	birth control	OpenLib
6110	race discrimination	OpenLib
6111	welfare recipients	OpenLib
6112	cowboys	OpenLib
6113	people with mental disabilities	OpenLib
6114	ranch life	OpenLib
6115	scripts	OpenLib
6116	goal 	OpenLib
6117	vaqueros	OpenLib
6118	drifters	OpenLib
6119	retrasados mentales	OpenLib
6120	vida ranchera	OpenLib
6121	desdemona 	OpenLib
6122	juliet 	OpenLib
6123	architects	OpenLib
6124	individualism	OpenLib
6125	philosophical literature	OpenLib
6126	object 	OpenLib
6127	didactic fiction	OpenLib
6128	objectivism 	OpenLib
6129	1928-1937	OpenLib
6130	post-traumatic stress disorder	OpenLib
6131	trauma	OpenLib
6132	névroses traumatiques	OpenLib
6133	victimes	OpenLib
6134	réadaptation	OpenLib
6135	névroses posttraumatiques	OpenLib
6136	etiology	OpenLib
6137	therapy	OpenLib
6138	traitement	OpenLib
6139	névroses post-traumatiques	OpenLib
6140	psychotherapy	OpenLib
6141	stress disorders	OpenLib
6142	nyt:paperback_nonfiction	OpenLib
6143	devil	OpenLib
6144	artists	OpenLib
6145	alienation 	OpenLib
6146	molly bloom 	OpenLib
6147	leopold bloom 	OpenLib
6148	translations into irish	OpenLib
6149	bloom	OpenLib
6150	immoral literature	OpenLib
6151	prohibited books	OpenLib
6152	proofs 	OpenLib
6153	law and legislation	OpenLib
6154	intergenerational relations	OpenLib
6155	loss 	OpenLib
6156	family relationships	OpenLib
6157	family sagas	OpenLib
6158	prince edward island	OpenLib
6159	islands	OpenLib
6160	canada	OpenLib
6161	fiction..	OpenLib
6162	adolescence	OpenLib
6163	anne shirley 	OpenLib
6164	shirley anne 	OpenLib
6165	capitalism	OpenLib
6166	egoism	OpenLib
6167	objectivity	OpenLib
6168	adventure stories	OpenLib
6169	glanton gang	OpenLib
6170	outlaws	OpenLib
6171	teenage boys	OpenLib
6172	indians of north america	OpenLib
6173	massacres	OpenLib
6174	farm life	OpenLib
6175	new business enterprises	OpenLib
6176	organizational effectiveness	OpenLib
6177	consumers' preferences	OpenLib
6178	nyt:hardcover_business_books	OpenLib
6179	count dracula 	OpenLib
6180	county dracula 	OpenLib
6181	cuentos de terror	OpenLib
6182	dracula	OpenLib
6183	drácula	OpenLib
6184	english horror tales	OpenLib
6185	film and video adaptations	OpenLib
6186	frankenstein 	OpenLib
6187	historia y crítica	OpenLib
6188	horror	OpenLib
6189	horror stories	OpenLib
6190	literatura juvenil	OpenLib
6191	novela de terror	OpenLib
6192	novela irlandesa	OpenLib
6193	novela juvenil	OpenLib
6194	problems	OpenLib
6195	report writing	OpenLib
6196	rhetoric	OpenLib
6197	scientists	OpenLib
6198	spanish language materials	OpenLib
6199	vampires	OpenLib
6200	vampires in literature	OpenLib
6201	vampiros	OpenLib
6202	victor frankenstein 	OpenLib
6203	frankenstein's monster 	OpenLib
6204	brothers	OpenLib
6205	children of prostitutes	OpenLib
6206	hermanos	OpenLib
6207	niños de prostitutas	OpenLib
6208	novela hogareña	OpenLib
6209	padre e hijo	OpenLib
6210	rivaldad entre hermanos	OpenLib
6211	sibling rivalry	OpenLib
6212	medicine	OpenLib
6213	research	OpenLib
6214	jungles	OpenLib
6215	monsters in literature	OpenLib
6216	scientists in literature	OpenLib
6217	women and literature	OpenLib
6218	english science fiction	OpenLib
6219	monstruos	OpenLib
6220	frankenstein films	OpenLib
6221	epistolary fiction	OpenLib
6222	horror classics	OpenLib
6223	frankenstein	OpenLib
6224	reincarnation	OpenLib
6225	self-actualization 	OpenLib
6226	benefactors	OpenLib
6227	working class	OpenLib
6228	industrial revolution	OpenLib
6229	newspapers	OpenLib
6230	cattle drives	OpenLib
6231	western stories	OpenLib
6232	western stories 7	OpenLib
6233	people with disabilities	OpenLib
6234	collectors and collecting	OpenLib
6235	fiction in italian	OpenLib
6236	gentry	OpenLib
6237	fiction 	OpenLib
6238	romance russo	OpenLib
6239	asperger's syndrome	OpenLib
6240	autism	OpenLib
6241	patients	OpenLib
6242	savants 	OpenLib
6243	cryptographers	OpenLib
6244	grail	OpenLib
6245	secret societies	OpenLib
6246	art museum curators	OpenLib
6247	crimes against	OpenLib
6248	aventures	OpenLib
6249	suspense fiction	OpenLib
6250	religious articles	OpenLib
6251	occultisme	OpenLib
6252	lithuanian americans	OpenLib
6253	immigrants	OpenLib
6254	stockyards	OpenLib
6255	meat industry	OpenLib
6256	spanish language	OpenLib
6257	trade unions	OpenLib
6258	emigration and immigration	OpenLib
6259	lithuanians in the united states	OpenLib
6260	corruption 	OpenLib
6261	meat industry and trade	OpenLib
6262	politics	OpenLib
6263	sociology	OpenLib
6264	slaughtering and slaughterhouses	OpenLib
6265	slaughtering and slaughter-houses	OpenLib
6266	factories	OpenLib
6267	beef industry	OpenLib
6268	corrupt practices	OpenLib
6269	packing-houses	OpenLib
6270	political corruption	OpenLib
6271	infants	OpenLib
6272	fetus	OpenLib
6273	authorship	OpenLib
6274	parent and child	OpenLib
6275	travelers	OpenLib
6276	monastic libraries	OpenLib
6277	monastic and religious life	OpenLib
6278	church history	OpenLib
6279	semiotics	OpenLib
6280	monasticism and religious orders	OpenLib
6281	medieval libraries	OpenLib
6282	italian fiction	OpenLib
6283	william of baskerville	OpenLib
6284	sémiotique	OpenLib
6285	portraits	OpenLib
6286	appearance 	OpenLib
6287	youthfulness	OpenLib
6288	supernatural	OpenLib
6289	retratos	OpenLib
6290	future life	OpenLib
6291	juventud	OpenLib
6292	conducta 	OpenLib
6293	soul	OpenLib
6294	aspecto 	OpenLib
6295	novela didáctica	OpenLib
6296	paranormal fiction	OpenLib
6297	domestics	OpenLib
6298	household employees	OpenLib
6299	butlers	OpenLib
6300	river life	OpenLib
6301	christmas	OpenLib
6302	folklore	OpenLib
6303	pictorial works	OpenLib
6304	stories	OpenLib
6305	toad of toad hall 	OpenLib
6306	legends and stories of animals	OpenLib
6307	waterloo	OpenLib
6308	amistad	OpenLib
6309	bears	OpenLib
6310	bees	OpenLib
6311	children's poetry	OpenLib
6312	esperanto	OpenLib
6313	illustrations	OpenLib
6314	initial teaching alphabet	OpenLib
6315	juvenile poetry	OpenLib
6316	latin language	OpenLib
6317	latin language materials	OpenLib
6318	russian children's stories	OpenLib
6319	russian language	OpenLib
6320	teddy bears	OpenLib
6321	toys	OpenLib
6322	translations into esperanto	OpenLib
6323	translations into polish	OpenLib
6324	winnie-the-pooh 	OpenLib
6325	friends	OpenLib
6326	tigger 	OpenLib
6327	eeyore 	OpenLib
6328	east indians	OpenLib
6329	indians in africa	OpenLib
6330	english autobiographical fiction	OpenLib
6331	intelligence officers	OpenLib
6332	war on terrorism	OpenLib
6333	stephen dedalus	OpenLib
6334	stephen dedalus 	OpenLib
6335	india	OpenLib
6336	indian literature	OpenLib
6337	1947-	OpenLib
6338	family farms	OpenLib
6339	parent and adult child	OpenLib
6340	aging parents	OpenLib
6341	incest	OpenLib
6342	sexual child abuse	OpenLib
6343	fictional works	OpenLib
6344	father-child relations	OpenLib
6345	family relations	OpenLib
6346	amerikansk skønlitteratur	OpenLib
6347	bilbo baggins 	OpenLib
6348	dragons	OpenLib
6349	ficción fantástica inglesa	OpenLib
6350	juvenile fantasy fiction	OpenLib
6351	magic	OpenLib
6352	quests 	OpenLib
6353	tierra media 	OpenLib
6354	wizards	OpenLib
6355	united states	OpenLib
6356	historia	OpenLib
6357	novela	OpenLib
6358	novela estadounidense	OpenLib
6359	italian personal narratives	OpenLib
6360	prisoners of war	OpenLib
6361	german prisoners and prisons	OpenLib
6362	personal narratives	OpenLib
6363	oświȩcim 	OpenLib
6364	italian authors	OpenLib
6365	jewish personal narratives	OpenLib
6366	imprisonment	OpenLib
6367	holocaust survivors	OpenLib
6368	german prisons and prisoners	OpenLib
6369	andersonville 	OpenLib
6370	andersonville prison	OpenLib
6371	prisoners and prisons	OpenLib
6372	united states civil war	OpenLib
6373	burial	OpenLib
6374	problem families	OpenLib
6375	stream-of-consciousness	OpenLib
6376	dysfunctional families	OpenLib
6377	english christmas stories	OpenLib
6378	funeral rites and ceremonies	OpenLib
6379	maryland	OpenLib
6380	catholics	OpenLib
6381	family chronicles	OpenLib
6382	upper class families	OpenLib
6383	single women	OpenLib
6384	bridget jones 	OpenLib
6385	diary fiction	OpenLib
6386	solteras	OpenLib
6387	domestic animals	OpenLib
6388	pets	OpenLib
6389	pigs	OpenLib
6390	spiders	OpenLib
6391	swine	OpenLib
6392	english authors	OpenLib
6393	youth	OpenLib
6394	biographies	OpenLib
6395	écrivains anglais	OpenLib
6396	enfance et jeunesse	OpenLib
6397	fate and fatalism	OpenLib
6398	survival	OpenLib
6399	game shows	OpenLib
6400	television game shows	OpenLib
6401	television programs	OpenLib
6402	contests	OpenLib
6403	survival skills	OpenLib
6404	nyt:series_books	OpenLib
6405	apartheid	OpenLib
6406	apartheid in literature	OpenLib
6407	race relations in literature	OpenLib
6408	south african literature 	OpenLib
6409	teachers	OpenLib
6410	werewolves	OpenLib
6411	high schools	OpenLib
6412	schools	OpenLib
6413	novela de misterio	OpenLib
6414	hombres lobo	OpenLib
6415	relaciones humanas	OpenLib
6416	escuelas	OpenLib
6417	escuelas secundarias	OpenLib
6418	women farmers	OpenLib
6419	wessex 	OpenLib
6420	administration of criminal justice	OpenLib
6421	african american prisoners	OpenLib
6422	millennialism	OpenLib
6423	brain	OpenLib
6424	surgery	OpenLib
6425	gifted persons	OpenLib
6426	grandfathers	OpenLib
6427	conflict of generations	OpenLib
6428	modern literature	OpenLib
6429	nigeria	OpenLib
6430	igbo	OpenLib
6431	expats	OpenLib
6432	ceiling	OpenLib
6433	rockets 	OpenLib
6434	rocketry	OpenLib
6435	adventure and adventurers	OpenLib
6436	english satire	OpenLib
6437	fantasy  fiction	OpenLib
6438	german literature	OpenLib
6439	imaginary voyages	OpenLib
6440	imaginary societies	OpenLib
6441	imaginery voyages	OpenLib
6442	lemuel gulliver 	OpenLib
6443	size	OpenLib
6444	spanish language books	OpenLib
6445	translations into czech	OpenLib
6446	translations into dutch	OpenLib
6447	translations into hungarian	OpenLib
6448	translations into latvian	OpenLib
6449	translations into romanian	OpenLib
6450	translations into swedish	OpenLib
6451	travelers in literature	OpenLib
6452	voyages and travels	OpenLib
6453	hungarian language	OpenLib
6454	composition and exercises. [from old catalog]	OpenLib
6455	lemual gulliver 	OpenLib
6456	blind	OpenLib
6457	legacies	OpenLib
6458	american poets	OpenLib
6459	fairies	OpenLib
6460	teacher-student relationships	OpenLib
6461	jazz musicians	OpenLib
6462	verdida_alexander@yahoo. com	OpenLib
6463	white pine weevil	OpenLib
6464	pine	OpenLib
6465	diseases and pests	OpenLib
6466	unmarried couples	OpenLib
6467	stonemasons	OpenLib
6468	foreign language--french--fiction	OpenLib
6469	romans pour la jeunesse	OpenLib
6470	marshalsea prison 	OpenLib
6471	children of prisoners	OpenLib
6472	imprisonment for debt	OpenLib
6473	college lecturers	OpenLib
6474	university life	OpenLib
6475	regret	OpenLib
6476	middle-aged women	OpenLib
6477	first loves	OpenLib
6478	parties	OpenLib
6479	jewish families	OpenLib
6480	jewish fiction	OpenLib
6481	religious fiction	OpenLib
6482	illumination of books and manuscripts	OpenLib
6483	islam and art	OpenLib
6484	abuso de drogas	OpenLib
6485	drug abuse	OpenLib
6486	drug addicts	OpenLib
6487	drug withdrawal symptoms	OpenLib
6488	narcotic addicts	OpenLib
6489	recovering addicts	OpenLib
6490	visual communication	OpenLib
6491	visual perception	OpenLib
6492	communication	OpenLib
6493	vision couleur	OpenLib
6494	image 3d	OpenLib
6495	cognitieve processen	OpenLib
6496	conception graphique	OpenLib
6497	communication visuelle	OpenLib
6498	beeldcommunicatie	OpenLib
6499	perception visuelle	OpenLib
6500	information visuelle	OpenLib
6501	image couleur	OpenLib
6502	représentation information	OpenLib
6503	pulitzer prize winner	OpenLib
6504	award:pulitzer_prize	OpenLib
6505	kings and rulers	OpenLib
6506	assassination	OpenLib
6507	american poetry	OpenLib
6508	biographical fiction	OpenLib
6509	mountaineering	OpenLib
6510	english historical fiction	OpenLib
6511	robinson crusoe 	OpenLib
6512	survival after airplane accidents	OpenLib
6513	castaways	OpenLib
6514	american personal narratives	OpenLib
6515	robinson cusoe	OpenLib
6516	pirates	OpenLib
6517	publishers' binding	OpenLib
6518	illustrated children's books	OpenLib
6519	relatos de aventura	OpenLib
6520	supervivencia 	OpenLib
6521	plague	OpenLib
6522	survival and emergency equipment	OpenLib
6523	chinese	OpenLib
6524	composition and exercises	OpenLib
6525	shipwreck survival	OpenLib
6526	high interest-low vocabulary books	OpenLib
6527	robinsonades	OpenLib
6528	nazis	OpenLib
6529	pictorial booklet	OpenLib
6530	poland	OpenLib
6531	rescue	OpenLib
6532	righteous gentiles in the holocaust	OpenLib
6533	violoncellists	OpenLib
6534	medical care	OpenLib
6535	coma	OpenLib
6536	nyt:paperback_books	OpenLib
6537	american war stories	OpenLib
6538	short stories in english	OpenLib
6539	depressions	OpenLib
6540	picaresque literature	OpenLib
6541	tom sawyer 	OpenLib
6542	runaway children	OpenLib
6543	child witnesses	OpenLib
6544	huckleberry finn 	OpenLib
6545	fugitive slaves	OpenLib
6546	mississippi river	OpenLib
6547	missouri	OpenLib
6548	sawyer	OpenLib
6549	dummies 	OpenLib
6550	muchachos	OpenLib
6551	niños	OpenLib
6552	adventure and adventures	OpenLib
6553	separated people	OpenLib
6554	marriage	OpenLib
6555	separated women	OpenLib
6556	upper classes	OpenLib
6557	social norms	OpenLib
6558	new york 	OpenLib
6559	nobility	OpenLib
6560	american naval operations	OpenLib
6561	naval history	OpenLib
6562	trials 	OpenLib
6563	false arrest	OpenLib
6564	impedidos	OpenLib
6565	huérfanos	OpenLib
6566	artistas	OpenLib
6567	women novelists	OpenLib
6568	feminists	OpenLib
6569	english women novelists	OpenLib
6570	racism	OpenLib
6571	deaf	OpenLib
6572	allegories	OpenLib
6573	translations into persian	OpenLib
6574	autonomy and independence movements	OpenLib
6575	african american musicians	OpenLib
6576	russian fiction	OpenLib
6577	sanatoriums	OpenLib
6578	jewelry theft	OpenLib
6579	diamonds	OpenLib
6580	nineteen fifties	OpenLib
6581	english	OpenLib
6582	piano teachers	OpenLib
6583	cathedrals	OpenLib
6584	church architecture	OpenLib
6585	design and construction	OpenLib
6586	nyt:mass_market_paperback	OpenLib
6587	women teachers	OpenLib
6588	young men in literature	OpenLib
6589	stendhal	OpenLib
6590	church and state	OpenLib
6591	ambition	OpenLib
6592	latin american poetry	OpenLib
6593	mexican poets	OpenLib
6594	underground literature	OpenLib
6595	gardens	OpenLib
6596	sick children	OpenLib
6597	jardines	OpenLib
6598	physically disabled children	OpenLib
6599	physically handicapped	OpenLib
6600	children with disabilities	OpenLib
6601	friendship in children	OpenLib
6602	richard papen 	OpenLib
6603	classicists	OpenLib
6604	college stories	OpenLib
6605	unrequited love	OpenLib
6606	horror fiction	OpenLib
6607	multiple personality	OpenLib
6608	scottish horror tales	OpenLib
6609	self-experimentation in medicine	OpenLib
6610	concordances	OpenLib
6611	japanese fiction	OpenLib
6612	trials	OpenLib
6613	austrian fiction	OpenLib
6614	german language books	OpenLib
6615	imaginary wars and battles	OpenLib
6616	imaginary wars and battles in literature	OpenLib
6617	mars 	OpenLib
6618	martians	OpenLib
6619	space warfare	OpenLib
6620	space vehicles	OpenLib
6621	diseases	OpenLib
6622	invasions	OpenLib
6623	earth	OpenLib
6624	psychopaths	OpenLib
6625	business people	OpenLib
6626	businesspeople	OpenLib
6627	chauffeurs	OpenLib
6628	art teachers	OpenLib
6629	deception	OpenLib
6630	study and teaching 	OpenLib
6631	fraud	OpenLib
6632	foreign speakers	OpenLib
6633	swindlers and swindling	OpenLib
6634	english poetry	OpenLib
6635	english fantasy poetry	OpenLib
6636	artists' books	OpenLib
6637	shaw alphabet	OpenLib
6638	foundlings in literature	OpenLib
6639	novelas inglesas	OpenLib
6640	aufsatzsammlung	OpenLib
6641	buried treasure	OpenLib
6642	medieval and modern latin language	OpenLib
6643	new words	OpenLib
6644	piratas	OpenLib
6645	reading	OpenLib
6646	reading 	OpenLib
6647	reading interests	OpenLib
6648	remedial teaching	OpenLib
6649	tesoros ocultos	OpenLib
6650	translations into scots language	OpenLib
6651	treasure island 	OpenLib
6652	treasure troves	OpenLib
6653	treasure-trove	OpenLib
6654	treasure-troves	OpenLib
6655	bushrangers	OpenLib
6656	australia	OpenLib
6657	plantation life	OpenLib
6658	uncle tom 	OpenLib
6659	master and servant	OpenLib
6660	political fiction	OpenLib
6661	alcoholics	OpenLib
6662	alcoholism	OpenLib
6663	all souls' day	OpenLib
6664	consuls	OpenLib
6665	festivals	OpenLib
6666	psychological aspects of alcoholism	OpenLib
6667	fantasty	OpenLib
6668	miniature books	OpenLib
6669	imagination	OpenLib
6670	caldecott medal	OpenLib
6671	cookery	OpenLib
6672	french cookery	OpenLib
6673	regression 	OpenLib
6674	brothers and sisters	OpenLib
6675	maniobras de guerra	OpenLib
6676	war games	OpenLib
6677	music students	OpenLib
6678	alanna 	OpenLib
6679	knights and knighthood	OpenLib
6680	sex role	OpenLib
6681	women heroes	OpenLib
6682	georgia civil war	OpenLib
6683	scarlett o'hara 	OpenLib
6684	middle ages	OpenLib
6685	computers	OpenLib
6686	steampunk	OpenLib
6687	steampunk fiction	OpenLib
6688	japan	OpenLib
6689	veterans	OpenLib
6690	ithaca college first-year reading initiative	OpenLib
6691	american short stories	OpenLib
6692	hackers	OpenLib
6693	programmers	OpenLib
6694	internet security	OpenLib
6695	genies	OpenLib
6696	djinn	OpenLib
6697	assassins	OpenLib
6698	roman américain	OpenLib
6699	présidents	OpenLib
6700	assassinat	OpenLib
6701	officials and employees	OpenLib
6702	united states. central intelligence agency	OpenLib
6703	undercover operations	OpenLib
6704	feminism	OpenLib
6705	feminist theory	OpenLib
6706	femmes dans la littérature	OpenLib
6707	femmes écrivains	OpenLib
6708	histoire	OpenLib
6709	histoire et critique	OpenLib
6710	history and condition of women	OpenLib
6711	peace	OpenLib
6712	roman anglais	OpenLib
6713	sex differences	OpenLib
6714	theory	OpenLib
6715	war	OpenLib
6716	women in art	OpenLib
6717	women in literature	OpenLib
6718	écrivaines	OpenLib
6719	mujeres	OpenLib
6720	mujeres en gran bretaña	OpenLib
6721	historia y condición de las mujeres	OpenLib
6722	dutch	OpenLib
6723	refugees	OpenLib
6724	secret service	OpenLib
6725	cargo ships	OpenLib
6726	tramp shipping	OpenLib
6727	merchant mariners	OpenLib
6728	military intelligence	OpenLib
6729	sastres	OpenLib
6730	servicio de inteligencia	OpenLib
6731	tailors	OpenLib
6732	intelligence service	OpenLib
6733	cuentos de espías	OpenLib
6734	spy stories	OpenLib
6735	george smiley 	OpenLib
6736	american spy stories	OpenLib
6737	traitors	OpenLib
6738	defectors	OpenLib
6739	corporations	OpenLib
6740	international business enterprises	OpenLib
6741	cold war	OpenLib
6742	english spy stories	OpenLib
6743	spies	OpenLib
6744	khazars	OpenLib
6745	beekeepers	OpenLib
6746	jewish refugees	OpenLib
6747	parrots	OpenLib
6748	pittsburgh 	OpenLib
6749	bisexual	OpenLib
6750	roman	OpenLib
6751	alternative histories 	OpenLib
6752	american humorous stories	OpenLib
6753	arte de escribir	OpenLib
6754	cartoonists	OpenLib
6755	checo-americanos	OpenLib
6756	cuentos humorísticos	OpenLib
6757	czech americans	OpenLib
6758	heroes in mass media	OpenLib
6759	héroes en los medios de comunicación masiva	OpenLib
6760	jewish youth	OpenLib
6761	jóvenes 	OpenLib
6762	muñequitos	OpenLib
6763	epic poetry	OpenLib
6764	greek epic poetry	OpenLib
6765	heracles 	OpenLib
6766	mythology	OpenLib
6767	poetry	OpenLib
6768	acting	OpenLib
6769	theater	OpenLib
6770	actuación teatral	OpenLib
6771	nyt:hardcover_nonfiction	OpenLib
6772	germans	OpenLib
6773	popular works	OpenLib
6774	sex 	OpenLib
6775	food habits	OpenLib
6776	food preferences	OpenLib
6777	gt2850	OpenLib
6778	urban poor	OpenLib
6779	creative nonfiction	OpenLib
6780	nyt:hardcover_political_books	OpenLib
6781	yuppies	OpenLib
6782	administration of estates	OpenLib
6783	thursday next 	OpenLib
6784	libraries	OpenLib
6785	characters and characteristics in literature	OpenLib
6786	women detectives	OpenLib
6787	time travel	OpenLib
6788	imaginary histories	OpenLib
6789	government agents	OpenLib
6790	censorship	OpenLib
6791	crimean war	OpenLib
6792	gender identity	OpenLib
6793	greek americans	OpenLib
6794	hermaphroditism	OpenLib
6795	intersexuality	OpenLib
6796	rafting 	OpenLib
6797	fiction-history and criticism	OpenLib
6798	librettos	OpenLib
6799	musical revues	OpenLib
6800	musicals	OpenLib
6801	yiddish	OpenLib
6802	production and direction	OpenLib
6803	actors	OpenLib
6804	theatrical companies	OpenLib
6805	farce	OpenLib
6806	tipos literarios	OpenLib
6807	teatro	OpenLib
6808	mental health	OpenLib
6809	berliner ensemble	OpenLib
6810	plays	OpenLib
6811	fascism	OpenLib
6812	historical drama	OpenLib
6813	political plays	OpenLib
6814	violencia	OpenLib
6815	judíos	OpenLib
6816	rassenonlusten	OpenLib
6817	joden	OpenLib
6818	afro americanos	OpenLib
6819	etnische betrekkingen	OpenLib
6820	negers	OpenLib
6821	sexually abused teenagers	OpenLib
6822	death and burial	OpenLib
6823	homicide	OpenLib
6824	homophobia	OpenLib
6825	art	OpenLib
6826	aids 	OpenLib
6827	sexual orientation	OpenLib
6828	mormons	OpenLib
6829	american national characteristics	OpenLib
6830	angels	OpenLib
6831	passing 	OpenLib
6832	american drama	OpenLib
6833	dramatic works	OpenLib
6834	english drama	OpenLib
6835	russian drama	OpenLib
6836	clases sociales	OpenLib
6837	gemelos	OpenLib
6838	roman indien 	OpenLib
6839	classes sociales	OpenLib
6840	literatura de expressão inglesa	OpenLib
6841	jumeaux	OpenLib
6842	downing	OpenLib
6843	literatura indiana	OpenLib
6844	zoo animals	OpenLib
6845	human-animal relationships	OpenLib
6846	storytelling	OpenLib
6847	ocean travel	OpenLib
6848	tigers	OpenLib
6849	tiger	OpenLib
6850	distopías	OpenLib
6851	husbands	OpenLib
6852	indic fiction 	OpenLib
6853	insurance agents	OpenLib
6854	novela política	OpenLib
6855	politique	OpenLib
6856	totalitarisme	OpenLib
6857	totalitarismo	OpenLib
6858	translations into urdu	OpenLib
6859	dystopias in literature	OpenLib
6860	cautionary tales and verse	OpenLib
6861	adult fiction	OpenLib
6862	interpersonal relations in children	OpenLib
6863	psychological aspects of survival after airplane accidents	OpenLib
6864	adventure fiction	OpenLib
6865	college graduates	OpenLib
6866	best books for young adults 	OpenLib
6867	quick picks for young adults 	OpenLib
6868	space and time	OpenLib
6869	newbery medal	OpenLib
6870	friendship in adolescence	OpenLib
6871	underground areas	OpenLib
6872	underground homeless persons	OpenLib
6873	businessmen	OpenLib
6874	subways	OpenLib
6875	prophecies	OpenLib
6876	witches	OpenLib
6877	end of the world	OpenLib
6878	occult fiction	OpenLib
6879	apocalypse	OpenLib
6880	humorous fiction	OpenLib
6881	humorous	OpenLib
6882	oz 	OpenLib
6883	good and evil	OpenLib
6884	rich people	OpenLib
6885	mistresses	OpenLib
6886	traffic accidents	OpenLib
6887	spiritual warfare	OpenLib
6888	bodyguards	OpenLib
6889	nyt:e-book_fiction	OpenLib
6890	brujas	OpenLib
6891	búsquedas 	OpenLib
6892	magia	OpenLib
6893	underworld	OpenLib
6894	zeus 	OpenLib
6895	hades 	OpenLib
6896	poseidon 	OpenLib
6897	belacqua	OpenLib
6898	bien y mal	OpenLib
6899	experimentos	OpenLib
6900	experiments	OpenLib
6901	kidnapping	OpenLib
6902	lugares imaginarios	OpenLib
6903	lyra belacqua 	OpenLib
6904	novela fantástica inglesa	OpenLib
6905	parry	OpenLib
6906	personas desaparecidas	OpenLib
6907	secuestro	OpenLib
6908	traducciones al español	OpenLib
6909	will parry 	OpenLib
6910	space and time in literature	OpenLib
6911	nyt:trade_fiction_paperback	OpenLib
6912	condensed books	OpenLib
6913	crime fiction	OpenLib
6914	bereavement	OpenLib
6915	dead	OpenLib
6916	delitos contra	OpenLib
6917	familias	OpenLib
6918	muchachas adolescentes	OpenLib
6919	murder victims' families	OpenLib
6920	víctimas de asesinato	OpenLib
6921	papacy	OpenLib
6922	illuminati	OpenLib
6923	vendetta	OpenLib
6924	religious educators	OpenLib
6925	physicists	OpenLib
6926	anti-catholicism	OpenLib
6927	election	OpenLib
6928	popes	OpenLib
6929	signs and symbols	OpenLib
6930	papas	OpenLib
6931	educadores religiosos	OpenLib
6932	vendeta	OpenLib
6933	físicos	OpenLib
6934	elección	OpenLib
6935	anticatolicismo	OpenLib
6936	símbolos	OpenLib
6937	sociedades secretas	OpenLib
6938	novela de suspense	OpenLib
6939	sante sede	OpenLib
6940	chinese detective and mystery stories	OpenLib
6941	millionaires	OpenLib
6942	murder victims	OpenLib
6943	corruption	OpenLib
6944	nyt:combined_print_fiction	OpenLib
6945	vegetarian cookery	OpenLib
6946	vegetarianism	OpenLib
6947	nutrition	OpenLib
6948	vegetarian cooking	OpenLib
6949	quick and easy cookery	OpenLib
6950	american cookery	OpenLib
6951	cooking & food	OpenLib
6952	cooking	OpenLib
6953	american cooking	OpenLib
6954	kookkunst	OpenLib
6955	group reading	OpenLib
6956	english teachers	OpenLib
6957	libros y lectura	OpenLib
6958	enseñanza	OpenLib
6959	lectura en grupos	OpenLib
6960	literatura estadounidense	OpenLib
6961	profesores de inglés	OpenLib
6962	biografía	OpenLib
6963	literatura inglesa	OpenLib
6964	women's studies	OpenLib
6965	étude et enseignement	OpenLib
6966	professeurs d'anglais	OpenLib
6967	livres et lecture	OpenLib
6968	littérature américaine	OpenLib
6969	lecture de groupe	OpenLib
6970	littérature anglaise	OpenLib
6971	corleone family 	OpenLib
6972	gangster films	OpenLib
6973	italian americans	OpenLib
6974	mafia	OpenLib
6975	motion pictures	OpenLib
6976	organized crime	OpenLib
6977	graphic novel	OpenLib
6978	comicbooks	OpenLib
6979	collections from individual artists	OpenLib
6980	children of holocaust survivors	OpenLib
6981	american strip cartoons	OpenLib
6982	novela africana	OpenLib
6983	novela nigeriana	OpenLib
6984	bandes dessine es	OpenLib
6985	african american women authors	OpenLib
6986	entertainers	OpenLib
6987	women entertainers	OpenLib
6988	cuentos sin palabras	OpenLib
6989	emigración e inmigración	OpenLib
6990	inmigrantes	OpenLib
6991	novela gráfica	OpenLib
6992	stories without words	OpenLib
6993	rape victims	OpenLib
6994	women law students	OpenLib
6995	lettres fictives	OpenLib
6996	livres-jeux	OpenLib
6997	vermeer	OpenLib
6998	artists' models	OpenLib
6999	netherlands	OpenLib
7000	compulsive behavior	OpenLib
7001	addicts	OpenLib
7002	tennis	OpenLib
7003	saddness	OpenLib
7004	entertainment	OpenLib
7005	dominican americans	OpenLib
7006	spanish literature	OpenLib
7007	german historical fiction	OpenLib
7008	dwarfs	OpenLib
7009	german political fiction	OpenLib
7010	1945-1955	OpenLib
7011	robots	OpenLib
7012	robotics	OpenLib
7013	human-robot relations	OpenLib
7014	unreliable narrator	OpenLib
7015	hercule poirot 	OpenLib
7016	belgians	OpenLib
7017	psychohistory	OpenLib
7018	life on other planets	OpenLib
7019	hari seldon 	OpenLib
7020	arthur	OpenLib
7021	arthurian romances	OpenLib
7022	britons	OpenLib
7023	king arthur	OpenLib
7024	organ donors	OpenLib
7025	cloning	OpenLib
7026	donation of organs	OpenLib
7027	human cloning	OpenLib
7028	baseball players	OpenLib
7029	economic aspects of baseball	OpenLib
7030	scouting	OpenLib
7031	salaries	OpenLib
7032	baseball	OpenLib
7033	nyt:paperback_business_books	OpenLib
7034	black panther party	OpenLib
7035	political aspects	OpenLib
7036	civil rights movements	OpenLib
7037	future	OpenLib
7038	faction	OpenLib
7039	african american families	OpenLib
7040	afro-american families	OpenLib
7041	michigan	OpenLib
7042	african american fiction	OpenLib
7043	eye	OpenLib
7044	african american girls	OpenLib
7045	eleven-year-old girls	OpenLib
7046	brand name products	OpenLib
7047	geographical names	OpenLib
7048	marketing	OpenLib
7049	names	OpenLib
7050	marketing consultants	OpenLib
7051	branding 	OpenLib
7052	elevators	OpenLib
7053	inspection	OpenLib
7054	mexican american women	OpenLib
7055	frontières	OpenLib
7056	relations interethniques	OpenLib
7057	américains d'origine mexicaine	OpenLib
7058	américaines d'origine mexicaine	OpenLib
7059	civilisation	OpenLib
7060	poésie	OpenLib
7061	transsexuals	OpenLib
7062	identity	OpenLib
7063	sex change	OpenLib
7064	lesbians	OpenLib
7065	feminism and music	OpenLib
7066	riot grrrl movement	OpenLib
7067	agriculture	OpenLib
7068	gardening	OpenLib
7069	bayesian statistical decision theory	OpenLib
7070	theory of knowledge	OpenLib
7071	forecasting	OpenLib
7072	methodology	OpenLib
7073	art thieves	OpenLib
7074	travels	OpenLib
7075	illustrators	OpenLib
7076	political and social views	OpenLib
7077	statistical methods	OpenLib
7078	political statistics	OpenLib
7079	social sciences	OpenLib
7080	sciences sociales	OpenLib
7081	statistique politique	OpenLib
7082	data-analyse	OpenLib
7083	méthodes statistiques	OpenLib
7084	pattern perception	OpenLib
7085	computação gráfica	OpenLib
7086	visuele informatie	OpenLib
7087	visual pattern recognition	OpenLib
7088	image	OpenLib
7089	presentatie	OpenLib
7090	forme 	OpenLib
7091	communication non-verbale	OpenLib
7092	processamento gráfico	OpenLib
7093	audio-visual aids	OpenLib
7094	graphic methods	OpenLib
7095	statistics	OpenLib
7096	estatistica descritiva	OpenLib
7097	tableaux	OpenLib
7098	méthodes graphiques	OpenLib
7099	grafische voorstellingen	OpenLib
7100	matematica	OpenLib
7101	audiovisual aids	OpenLib
7102	kwantitatieve gegevens	OpenLib
7103	statistique	OpenLib
7104	methods	OpenLib
7105	diagramm	OpenLib
7106	data display	OpenLib
7107	statistics as topic	OpenLib
7108	computer graphics	OpenLib
7109	visualisierung	OpenLib
7110	graphische darstellung	OpenLib
7111	méthode graphique	OpenLib
7112	statistik	OpenLib
7113	geography	OpenLib
7114	geologists	OpenLib
7115	geology	OpenLib
7116	stratigraphic geology	OpenLib
7117	encyclopedias and dictionaries	OpenLib
7118	etymology	OpenLib
7119	lexicographers	OpenLib
7120	lexicography	OpenLib
7121	new english dictionary on historical principles	OpenLib
7122	oxford english dictionary	OpenLib
7123	lexicographes	OpenLib
7124	anglais 	OpenLib
7125	encyclopédies et dictionnaires anglais	OpenLib
7126	lexicographie	OpenLib
7127	amis et relations	OpenLib
7128	anciens combattants	OpenLib
7129	patients dans les hôpitaux psychiatriques	OpenLib
7130	étymologie	OpenLib
7131	pen	OpenLib
7132	award:pen_faulkner_award	OpenLib
7133	sherman's march to the sea	OpenLib
7134	sherman's march through the carolinas	OpenLib
7135	tourette syndrome	OpenLib
7136	narnia 	OpenLib
7137	hogwarts school of witchcraft and wizardry 	OpenLib
7138	harry potter 	OpenLib
7139	data encryption 	OpenLib
7140	cryptography	OpenLib
7141	utilitarianism	OpenLib
7142	education	OpenLib
7143	problèmes sociaux	OpenLib
7144	conditions sociales	OpenLib
7145	mœurs et coutumes	OpenLib
7146	exploration	OpenLib
7147	human-alien encounters	OpenLib
7148	radio astronomy	OpenLib
7149	women scientists	OpenLib
7150	interstellar communication	OpenLib
7151	interplanetary voyages	OpenLib
7152	louisiana	OpenLib
7153	literary anthologies	OpenLib
7154	renaissance	OpenLib
7155	renaissance science	OpenLib
7156	influence	OpenLib
7157	renaissance philosophy	OpenLib
7158	modern civilization	OpenLib
7159	sackville-west	OpenLib
7160	germany. geheime staatspolizei	OpenLib
7161	ovra 	OpenLib
7162	germany	OpenLib
7163	underground newspapers	OpenLib
7164	actresses	OpenLib
7165	terrorism	OpenLib
7166	middle east	OpenLib
7167	women spies	OpenLib
7168	prevention	OpenLib
7169	moral and ethical aspects	OpenLib
7170	moral and ethical aspects of authorship	OpenLib
7171	police questioning	OpenLib
7172	cooking 	OpenLib
7173	middle eastern cooking	OpenLib
7174	bread	OpenLib
7175	human dissection	OpenLib
7176	human experimentation in medicine	OpenLib
7177	dissection	OpenLib
7178	experimenten	OpenLib
7179	autopsy	OpenLib
7180	lijken	OpenLib
7181	cadaver	OpenLib
7182	experiment	OpenLib
7183	leiche	OpenLib
7184	nursery rhymes	OpenLib
7185	march family 	OpenLib
7186	new england	OpenLib
7187	religious fundamentalism	OpenLib
7188	free will and determinism	OpenLib
7189	wwii	OpenLib
7190	bombing of dresden	OpenLib
7191	mathematicians	OpenLib
7192	child sexual abuse	OpenLib
7193	nuns	OpenLib
7194	vegetation and climate	OpenLib
7195	evolution	OpenLib
7196	human evolution	OpenLib
7197	devolution	OpenLib
7198	surrealism	OpenLib
7199	accounting	OpenLib
7200	cancer in women	OpenLib
7201	women college teachers	OpenLib
7202	terminally ill	OpenLib
7203	ovarian neoplasms	OpenLib
7204	transvestites	OpenLib
7205	communism	OpenLib
7206	national socialism	OpenLib
7207	bible	OpenLib
7208	history of biblical events	OpenLib
7209	women in the bible	OpenLib
7210	relations	OpenLib
7211	hinduism	OpenLib
7212	islam	OpenLib
7213	infants switched at birth	OpenLib
7214	widows	OpenLib
7215	aged women	OpenLib
7216	psychiatric nurses	OpenLib
7217	psychiatric hospitals	OpenLib
7218	oregon	OpenLib
7219	behavior modification	OpenLib
7220	criminales	OpenLib
7221	gangs	OpenLib
7222	muchachos adolescentes	OpenLib
7223	sátira	OpenLib
7224	clockwork orange 	OpenLib
7225	juvenile delinquents	OpenLib
7226	rehabilitation	OpenLib
7227	slang language	OpenLib
7228	allegory	OpenLib
7229	animaux	OpenLib
7230	communist revolution	OpenLib
7231	socialism	OpenLib
7232	contes et légendes	OpenLib
7233	english political satire	OpenLib
7234	fables	OpenLib
7235	political satire	OpenLib
7236	red revolution	OpenLib
7237	russian revolution	OpenLib
7238	ussr	OpenLib
7239	u.s.s.r.	OpenLib
7240	human rights	OpenLib
7241	medical missionaries	OpenLib
7242	right to health care	OpenLib
7243	humor	OpenLib
7244	french authors	OpenLib
7245	jewish authors	OpenLib
7246	ethnic relations	OpenLib
7247	children in the holocaust	OpenLib
7248	alegorías	OpenLib
7249	buddha 	OpenLib
7250	buddha and buddhism	OpenLib
7251	buddhism	OpenLib
7252	buddhist philosophy	OpenLib
7253	budismo	OpenLib
7254	chrestomathies and readers	OpenLib
7255	enlightenment 	OpenLib
7256	gautama buddha	OpenLib
7257	iluminación 	OpenLib
7258	religion	OpenLib
7259	spiritual life	OpenLib
7260	teachings	OpenLib
7261	bouddhisme	OpenLib
7262	hotels	OpenLib
7263	maintenance and repair	OpenLib
7264	motorcycles	OpenLib
7265	philosophy and civilization	OpenLib
7266	pirsig	OpenLib
7267	popular culture	OpenLib
7268	self	OpenLib
7269	zen buddhism and science	OpenLib
7270	treason	OpenLib
7271	amusement parks	OpenLib
7272	alligators	OpenLib
7273	students	OpenLib
7274	models 	OpenLib
7275	colonial administrators	OpenLib
7276	hippies	OpenLib
7277	bowling trophies	OpenLib
7278	paul newman	OpenLib
7279	story of o	OpenLib
7280	papier mache	OpenLib
7281	bird	OpenLib
7282	british personal narratives	OpenLib
7283	english personal narratives	OpenLib
7284	english women authors	OpenLib
7285	hospitals	OpenLib
7286	medical aspects	OpenLib
7287	medical aspects of world war	OpenLib
7288	nurses	OpenLib
7289	pacifists	OpenLib
7290	latin poets	OpenLib
7291	landlord and tenant	OpenLib
7292	textile industry	OpenLib
7293	separation 	OpenLib
7294	richard hannay 	OpenLib
7295	reading comprehension	OpenLib
7296	christian pilgrims and pilgrimages	OpenLib
7297	christian life	OpenLib
7298	puritan movements	OpenLib
7299	bibliography	OpenLib
7300	christian biography	OpenLib
7301	church of england	OpenLib
7302	cree language	OpenLib
7303	salvation	OpenLib
7304	xhosa language	OpenLib
7305	pilgrims and pilgrimages	OpenLib
7306	puritans in literature	OpenLib
7307	textes	OpenLib
7308	cree 	OpenLib
7309	aneityumese hymns	OpenLib
7310	aneityumese catechisms	OpenLib
7311	aneityumese language	OpenLib
7312	ephrata cloister	OpenLib
7313	socialites	OpenLib
7314	debutantes	OpenLib
7315	utopian fiction	OpenLib
7316	satirical fiction	OpenLib
7317	frederica potter 	OpenLib
7318	yorkshire 	OpenLib
7319	family secrets	OpenLib
7320	children and adults	OpenLib
7321	social evolution	OpenLib
7322	epidemics	OpenLib
7323	czech science fiction	OpenLib
7324	gay authors	OpenLib
7325	relations with women	OpenLib
7326	análisis de casos	OpenLib
7327	asesinato	OpenLib
7328	case studies	OpenLib
7329	cas	OpenLib
7330	meurtre	OpenLib
7331	indians of south america	OpenLib
7332	circus	OpenLib
7333	circus performers	OpenLib
7334	midlife crisis	OpenLib
7335	grief	OpenLib
7336	philip marlowe 	OpenLib
7337	politique et gouvernement	OpenLib
7338	famille	OpenLib
7339	animal sanctuaries	OpenLib
7340	chinese literature	OpenLib
7341	sailing	OpenLib
7342	california	OpenLib
7343	manson	OpenLib
7344	sexuality	OpenLib
7345	food	OpenLib
7346	eating	OpenLib
7347	consumption	OpenLib
7348	health	OpenLib
7349	diet	OpenLib
7350	health & fitness	OpenLib
7351	nyt:hardcover_advice	OpenLib
7352	french cooking	OpenLib
7353	parents	OpenLib
7354	bildungsromane	OpenLib
7355	aphorisms and apothegms	OpenLib
7356	romanian philosophy	OpenLib
7357	skepticism	OpenLib
7358	cynicism	OpenLib
7359	human-computer interaction	OpenLib
7360	prostitutes	OpenLib
7361	sex customs	OpenLib
7362	sexual behavior	OpenLib
7363	suspense	OpenLib
7364	quality of life	OpenLib
7365	portuguese fiction	OpenLib
7366	postcolonial	OpenLib
7367	gardeners	OpenLib
7368	fasting	OpenLib
7369	insurgency	OpenLib
7370	south africa	OpenLib
7371	psychological aspects of fasting	OpenLib
7372	administradores coloniales	OpenLib
7373	allegorías	OpenLib
7374	political persecution	OpenLib
7375	australians	OpenLib
7376	australian women authors	OpenLib
7377	foreign countries	OpenLib
7378	autoras	OpenLib
7379	narración de cuentos	OpenLib
7380	australianos	OpenLib
7381	países extranjeros	OpenLib
7382	september 11 terrorist attacks	OpenLib
7383	amputees	OpenLib
7384	nurse and patient	OpenLib
7385	australian women novelists	OpenLib
7386	south africans	OpenLib
7387	league of nations	OpenLib
7388	revolutions	OpenLib
7389	latin america	OpenLib
7390	english sea stories	OpenLib
7391	anarchists	OpenLib
7392	conspiracies	OpenLib
7393	bombings	OpenLib
7394	royal greenwich observatory	OpenLib
7395	trading companies	OpenLib
7396	officers	OpenLib
7397	merchant marine	OpenLib
7398	cowardice	OpenLib
7399	indonesia	OpenLib
7400	seafaring life	OpenLib
7401	literary criticism 	OpenLib
7402	communists	OpenLib
7403	communistes	OpenLib
7404	procès 	OpenLib
7405	communal living	OpenLib
7406	nineteen sixties	OpenLib
7407	homecoming	OpenLib
7408	african fiction 	OpenLib
7409	colonial influence	OpenLib
7410	christian hagiography	OpenLib
7411	history teachers	OpenLib
7412	school principals	OpenLib
7413	bachelors	OpenLib
7414	viction	OpenLib
7415	travel writers	OpenLib
7416	repentance	OpenLib
7417	english picaresque literature	OpenLib
7418	exile 	OpenLib
7419	large print books	OpenLib
7420	witchcraft	OpenLib
7421	detectives	OpenLib
7422	alchemists	OpenLib
7423	astrologers	OpenLib
7424	occultists	OpenLib
7425	antiquarian booksellers	OpenLib
7426	bereavement in art	OpenLib
7427	women artists	OpenLib
7428	body art	OpenLib
7429	motion picture producers and directors	OpenLib
7430	victims of terrorism	OpenLib
7431	elfter september	OpenLib
7432	judges	OpenLib
7433	retirement	OpenLib
7434	tutors and tutoring	OpenLib
7435	historia de la conquista de los indios de mexico	OpenLib
7436	avarice	OpenLib
7437	materialism	OpenLib
7438	simone lecointre	OpenLib
7439	ontology	OpenLib
7440	diderot	OpenLib
7441	convents	OpenLib
7442	conservatism	OpenLib
7443	conservatisme	OpenLib
7444	democracy	OpenLib
7445	démocratie	OpenLib
7446	gouvernement représentatif	OpenLib
7447	intellectual life.	OpenLib
7448	liberalism	OpenLib
7449	libéralisme	OpenLib
7450	condiciones sociales	OpenLib
7451	política y gobierno	OpenLib
7452	vie intellectuelle	OpenLib
7453	résidences et lieux familiers	OpenLib
7454	vie rurale	OpenLib
7455	écrivains danois	OpenLib
7456	descriptions et voyages	OpenLib
7457	danish authors	OpenLib
7458	apologetics	OpenLib
7459	kingdom of god	OpenLib
7460	mothers and sons	OpenLib
7461	fashion editors	OpenLib
7462	supervisors	OpenLib
7463	women editors	OpenLib
7464	publishing	OpenLib
7465	periodicals	OpenLib
7466	young women in literature	OpenLib
7467	authors and readers	OpenLib
7468	literature and mental illness	OpenLib
7469	german detective and mystery stories	OpenLib
7470	antoine 	OpenLib
7471	children's plays	OpenLib
7472	english young adult drama	OpenLib
7473	generals	OpenLib
7474	heads of state	OpenLib
7475	julius caesar	OpenLib
7476	juvenile drama	OpenLib
7477	language	OpenLib
7478	outlines	OpenLib
7479	promptbooks	OpenLib
7480	rome civil war	OpenLib
7481	théâtre	OpenLib
7482	rezeption	OpenLib
7483	voodooism	OpenLib
7484	foucault's pendulum	OpenLib
7485	thought and thinking	OpenLib
7486	religions	OpenLib
7487	idolatry	OpenLib
7488	occultism	OpenLib
7489	landowners	OpenLib
7490	irish	OpenLib
7491	absentee landlordism	OpenLib
7492	punk rock musicians	OpenLib
7493	sound recording executives and producers	OpenLib
7494	women clergy	OpenLib
7495	carpenters	OpenLib
7496	water mills	OpenLib
7497	zionists	OpenLib
7498	aristocracy 	OpenLib
7499	rapists	OpenLib
7500	serial murderers	OpenLib
7501	adaptability 	OpenLib
7502	change	OpenLib
7503	change 	OpenLib
7504	happiness	OpenLib
7505	maze puzzles	OpenLib
7506	mice	OpenLib
7507	organizational change	OpenLib
7508	psychological adaptation	OpenLib
7509	changement 	OpenLib
7510	dutch fiction	OpenLib
7511	government investigators	OpenLib
7512	hannibal lecter 	OpenLib
7513	hannibal lector 	OpenLib
7514	ojibwa indians	OpenLib
7515	indians	OpenLib
7516	espionage	OpenLib
7517	soviet union. komitet gosudarstvennoĭ bezopasnosti	OpenLib
7518	united states. embassy 	OpenLib
7519	cocina	OpenLib
7520	familia	OpenLib
7521	mexican cookery	OpenLib
7522	cuentos de amor	OpenLib
7523	self-actualization	OpenLib
7524	sieges	OpenLib
7525	rubber industry and trade	OpenLib
7526	strikes and lockouts	OpenLib
7527	sutpen family 	OpenLib
7528	american historical fiction	OpenLib
7529	yaknapatawpha county 	OpenLib
7530	yoknapatawpha county 	OpenLib
7531	hamlet 	OpenLib
7532	succession	OpenLib
7533	quartos	OpenLib
7534	regicides	OpenLib
7535	stage history	OpenLib
7536	translating into russian	OpenLib
7537	collections	OpenLib
7538	paper toy making	OpenLib
7539	english plays	OpenLib
7540	drama in spanish	OpenLib
7541	hamlet	OpenLib
7542	king lear 	OpenLib
7543	father's death	OpenLib
7544	tragedy 	OpenLib
7545	romanian language	OpenLib
7546	natty bumppo 	OpenLib
7547	mohegan indians	OpenLib
7548	frontier and pioneer life	OpenLib
7549	cervantes	OpenLib
7550	samuel richardson	OpenLib
7551	pamela	OpenLib
7552	parody	OpenLib
7553	english humorous stories	OpenLib
7554	richardson	OpenLib
7555	zombies	OpenLib
7556	wealth	OpenLib
7557	moral and ethical aspects of wealth	OpenLib
7558	james bond 	OpenLib
7559	prussian national characteristics	OpenLib
7560	non-english fiction	OpenLib
7561	blindness	OpenLib
7562	english war stories	OpenLib
7563	culture conflict	OpenLib
7564	británicos	OpenLib
7565	movie novels	OpenLib
7566	remarried people	OpenLib
7567	social conflict	OpenLib
7568	women intellectuals	OpenLib
7569	home ownership	OpenLib
7570	greece	OpenLib
7571	american horror tales	OpenLib
7572	butterflies	OpenLib
7573	collection and preservation	OpenLib
7574	middle class families	OpenLib
7575	environmentalists	OpenLib
7576	self-acceptance	OpenLib
7577	mexico	OpenLib
7578	fashion	OpenLib
7579	paris	OpenLib
7580	london	OpenLib
7581	depression	OpenLib
7582	english domestic fiction	OpenLib
7583	forsyte family 	OpenLib
7584	siege	OpenLib
7585	peddlers and peddling	OpenLib
7586	peddling	OpenLib
7587	labor unions	OpenLib
7588	working class women	OpenLib
7589	working class families	OpenLib
7590	information superhighway	OpenLib
7591	computer hackers	OpenLib
7592	nervous system	OpenLib
7593	business intelligence	OpenLib
7594	wounds and injuries	OpenLib
7595	abduction	OpenLib
7596	europe	OpenLib
7597	birds	OpenLib
7598	mother and child	OpenLib
7599	golden retriever	OpenLib
7600	alex cross 	OpenLib
7601	police psychologists	OpenLib
7602	african american police	OpenLib
7603	psychologists	OpenLib
7604	crofters	OpenLib
7605	chris guthrie 	OpenLib
7606	sex offenders	OpenLib
7607	diplomats	OpenLib
7608	kindapping	OpenLib
7609	widerstand	OpenLib
7610	konsul	OpenLib
7611	diktator	OpenLib
7612	anti-clericalism	OpenLib
7613	catholic church	OpenLib
7614	persecution	OpenLib
7615	indochinese war	OpenLib
7616	war correspondents	OpenLib
7617	thrillers	OpenLib
7618	stay-at-home mothers	OpenLib
7619	single mothers	OpenLib
7620	pediatric surgeons	OpenLib
7621	third man 	OpenLib
7622	china	OpenLib
7623	chinese epic literature	OpenLib
7624	epic literature	OpenLib
7625	three kingdoms	OpenLib
7626	sexual deviation	OpenLib
7627	pakistani americans	OpenLib
7628	self-perception	OpenLib
7629	nick charles 	OpenLib
7630	nora charles 	OpenLib
7631	people with visual disabilities	OpenLib
7632	heathlands	OpenLib
7633	romance ingles	OpenLib
7634	impostors and imposture	OpenLib
7635	runaway husbands	OpenLib
7636	mayors	OpenLib
7637	psycology	OpenLib
7638	forests and forestry	OpenLib
7639	arranged marriage	OpenLib
7640	autobiographical memory	OpenLib
7641	haunted houses	OpenLib
7642	ghosts	OpenLib
7643	cliffs notes on	OpenLib
7644	cliffsnotes	OpenLib
7645	women art students	OpenLib
7646	botswana	OpenLib
7647	zoology	OpenLib
7648	botany	OpenLib
7649	god in literature	OpenLib
7650	contrabando	OpenLib
7651	smugglers	OpenLib
7652	smuggling	OpenLib
7653	bosnian americans	OpenLib
7654	american detective and mystery stories	OpenLib
7655	tom ripley 	OpenLib
7656	coffin ed johnson 	OpenLib
7657	grave digger jones 	OpenLib
7658	painters	OpenLib
7659	scotland	OpenLib
7660	ciencia-ficcio n.	OpenLib
7661	notre-dame de paris 	OpenLib
7662	quasimodo 	OpenLib
7663	stuttering	OpenLib
7664	sino-vietnamese conflict	OpenLib
7665	art historians	OpenLib
7666	homosexuality	OpenLib
7667	japanese	OpenLib
7668	art and the war	OpenLib
7669	aged men	OpenLib
7670	conto ingles	OpenLib
7671	musicians	OpenLib
7672	pianists	OpenLib
7673	isabel archer 	OpenLib
7674	domestic relations	OpenLib
7675	grammar	OpenLib
7676	children of divorced parents	OpenLib
7677	ghost stories	OpenLib
7678	governesses in literature	OpenLib
7679	telegraphers	OpenLib
7680	business men's art club of new york	OpenLib
7681	united states. bureau of labor statistics	OpenLib
7682	business men's art club of san francisco	OpenLib
7683	business men's art club of chicago	OpenLib
7684	cost and standard of living	OpenLib
7685	air	OpenLib
7686	pacific coast borax company	OpenLib
7687	occupational mortality	OpenLib
7688	cost of medical care	OpenLib
7689	purchasing power	OpenLib
7690	medical statistics	OpenLib
7691	pollution	OpenLib
7692	swedish fiction	OpenLib
7693	sexual life	OpenLib
7694	notebooks	OpenLib
7695	german personal narratives	OpenLib
7696	albania	OpenLib
7697	politicians	OpenLib
7698	shehu	OpenLib
7699	mehmet shehu	OpenLib
7700	dictatorship	OpenLib
7701	children of alcoholics	OpenLib
7702	modern greek fiction	OpenLib
7703	music	OpenLib
7704	lumber trade	OpenLib
7705	hotelkeepers	OpenLib
7706	chimney sweeps	OpenLib
7707	lamas	OpenLib
7708	east and west	OpenLib
7709	juvenile fiction'	OpenLib
7710	kindness	OpenLib
7711	hungarian fiction	OpenLib
7712	lower east side 	OpenLib
7713	neurotics	OpenLib
7714	editors	OpenLib
7715	lost literature	OpenLib
7716	batman 	OpenLib
7717	nyt:hardcover_graphic_books	OpenLib
7718	wolves	OpenLib
7719	barabbas	OpenLib
7720	biblical teaching	OpenLib
7721	east indian americans	OpenLib
7722	assimilation 	OpenLib
7723	children of immigrants	OpenLib
7724	human skin color	OpenLib
7725	racially mixed people	OpenLib
7726	danish american women	OpenLib
7727	psychic ability	OpenLib
7728	gamekeepers	OpenLib
7729	runaway wives	OpenLib
7730	coal mines and mining	OpenLib
7731	customs and manners	OpenLib
7732	possessiveness	OpenLib
7733	coal miners	OpenLib
7734	sheep ranchers	OpenLib
7735	guinea	OpenLib
7736	guinean authors	OpenLib
7737	anarchism	OpenLib
7738	anarquismo	OpenLib
7739	novela utópica	OpenLib
7740	vida comunal	OpenLib
7741	vida en otros planets	OpenLib
7742	coming out 	OpenLib
7743	closeted gays	OpenLib
7744	real estate development	OpenLib
7745	matrimonios	OpenLib
7746	homosexuales varones	OpenLib
7747	polish science fiction	OpenLib
7748	translations from polish	OpenLib
7749	motion picture industry	OpenLib
7750	punk culture	OpenLib
7751	military history	OpenLib
7752	united states. army	OpenLib
7753	peasantry	OpenLib
7754	jewish resistance	OpenLib
7755	20th century	OpenLib
7756	voyages	OpenLib
7757	monks	OpenLib
7758	rape	OpenLib
7759	monasteries	OpenLib
7760	women college graduates	OpenLib
7761	physicians's spouses	OpenLib
7762	conformity	OpenLib
7763	pippi longstocking 	OpenLib
7764	cheerfulness	OpenLib
7765	"ppirate"""""""""""""""" movie"	OpenLib
7766	canudos campaign 	OpenLib
7767	oligarchy	OpenLib
7768	sled dogs	OpenLib
7769	feral dogs	OpenLib
7770	pet theft	OpenLib
7771	animal welfare	OpenLib
7772	wolfdogs	OpenLib
7773	american nature stories	OpenLib
7774	gold discoveries	OpenLib
7775	dogs in literature	OpenLib
7776	perros de trineo	OpenLib
7777	gold mines and mining	OpenLib
7778	relatos de aventuras	OpenLib
7779	perros	OpenLib
7780	perros salvajes	OpenLib
7781	bienestar	OpenLib
7782	lobos	OpenLib
7783	descubrimiento de oro	OpenLib
7784	crítica e interpretación	OpenLib
7785	robo de mascotas	OpenLib
7786	animales	OpenLib
7787	literatura norte americana	OpenLib
7788	fossils	OpenLib
7789	scientific expeditions	OpenLib
7790	stone carving	OpenLib
7791	supernatural in literature	OpenLib
7792	benevolence	OpenLib
7793	sentimentalism	OpenLib
7794	beachcombing	OpenLib
7795	recovery	OpenLib
7796	aboriginal australians	OpenLib
7797	australian aborigines	OpenLib
7798	singers	OpenLib
7799	german	OpenLib
7800	bourgeoisie	OpenLib
7801	austro-prussian war	OpenLib
7802	middle age	OpenLib
7803	legends	OpenLib
7804	teatro inglés	OpenLib
7805	tion	OpenLib
7806	promessi sposi	OpenLib
7807	occupations	OpenLib
7808	alchemy	OpenLib
7809	science and magic	OpenLib
7810	chimera 	OpenLib
7811	boarding schools	OpenLib
7812	demonology	OpenLib
7813	immortalism	OpenLib
7814	authors' spouses	OpenLib
7815	murder for hire	OpenLib
7816	legislators	OpenLib
7817	horsemen and horsewomen	OpenLib
7818	dance marathons	OpenLib
7819	composers	OpenLib
7820	foreign ministers	OpenLib
7821	neurosurgeons	OpenLib
7822	protest movements	OpenLib
7823	family reunions	OpenLib
7824	world politics	OpenLib
7825	road rage	OpenLib
7826	iraq war	OpenLib
7827	missing children	OpenLib
7828	xhosa 	OpenLib
7829	villages	OpenLib
7830	casinos	OpenLib
7831	french science fiction	OpenLib
7832	bohemianism	OpenLib
7833	vacations	OpenLib
7834	josé carvalho 	OpenLib
7835	nannies	OpenLib
7836	indigenous peoples	OpenLib
7837	south african authors	OpenLib
7838	astronomers	OpenLib
7839	philologists	OpenLib
7840	businesswomen	OpenLib
7841	translators	OpenLib
7842	russian americans	OpenLib
7843	russian language books	OpenLib
7844	west indians	OpenLib
7845	abnégation de soi	OpenLib
7846	abnégation de soi.	OpenLib
7847	christelijke ethiek	OpenLib
7848	christianity	OpenLib
7849	criticism	OpenLib
7850	danish sermons	OpenLib
7851	faith and reason	OpenLib
7852	foi	OpenLib
7853	gehoorzaamheid	OpenLib
7854	jewish ethics	OpenLib
7855	morale	OpenLib
7856	sacrifice	OpenLib
7857	sin	OpenLib
7858	filosofía danesa	OpenLib
7859	teología natural	OpenLib
7860	offer van isaak	OpenLib
7861	pecado	OpenLib
7862	geloof	OpenLib
7863	wanhoop	OpenLib
7864	teologia natural	OpenLib
7865	zonde	OpenLib
7866	het lot	OpenLib
7867	filosofia cristiana	OpenLib
7868	filosofia danesa	OpenLib
7869	filosofía cristiana	OpenLib
7870	irish fiction	OpenLib
7871	celtic mythology	OpenLib
7872	tales	OpenLib
7873	fiction in german	OpenLib
7874	ireland	OpenLib
7875	gay youth	OpenLib
7876	virtual reality	OpenLib
7877	rescue operations	OpenLib
7878	motion picture actors and actresses	OpenLib
7879	monroe	OpenLib
7880	actores cinematográficos	OpenLib
7881	novela biográfica	OpenLib
7882	booksellers and bookselling	OpenLib
7883	alternative lifestyles	OpenLib
7884	colonias	OpenLib
7885	colonies	OpenLib
7886	imperialismo	OpenLib
7887	latin fables	OpenLib
7888	latin literature	OpenLib
7889	latin love poetry	OpenLib
7890	latin epistolary poetry	OpenLib
7891	medieval and modern latin literature	OpenLib
7892	latin american literature	OpenLib
7893	latin didactic poetry	OpenLib
7894	latin elegiac poetry	OpenLib
7895	translations	OpenLib
7896	latin poetry	OpenLib
7897	incantations	OpenLib
7898	care and hygiene	OpenLib
7899	latin erotic poetry	OpenLib
7900	exiles	OpenLib
7901	aeneas 	OpenLib
7902	translating into french	OpenLib
7903	skin	OpenLib
7904	knowledge	OpenLib
7905	fasts and feasts	OpenLib
7906	european literature	OpenLib
7907	translations into danish	OpenLib
7908	german poetry	OpenLib
7909	translations from latin	OpenLib
7910	comparative literature	OpenLib
7911	baroque painting	OpenLib
7912	themes	OpenLib
7913	roman influences	OpenLib
7914	calendar	OpenLib
7915	roman calendar	OpenLib
7916	french novels	OpenLib
7917	alzheimer's disease	OpenLib
7918	sex addiction	OpenLib
7919	sex addicts	OpenLib
7920	moscow	OpenLib
7921	czar nicholas ii	OpenLib
7922	wwi	OpenLib
7923	freedom	OpenLib
7924	christianity and other religions	OpenLib
7925	stoics	OpenLib
7926	paganism	OpenLib
7927	características nacionales mexicanas	OpenLib
7928	civilización	OpenLib
7929	mexican national characteristics	OpenLib
7930	vida social y costumbres	OpenLib
7931	essays. 0	OpenLib
7932	gothic	OpenLib
7933	novel	OpenLib
7934	insects	OpenLib
7935	church work with juvenile delinquents	OpenLib
7936	portugal spain and france	OpenLib
7937	poetas portugueses	OpenLib
7938	portuguese poets	OpenLib
7939	high school students	OpenLib
7940	school violence	OpenLib
7941	capitalists and financiers	OpenLib
7942	c. auguste dupin 	OpenLib
7943	tuberculosis	OpenLib
7944	russian poetry	OpenLib
7945	poverty	OpenLib
7946	novels in verse	OpenLib
7947	self-esteem in women	OpenLib
7948	solar energy	OpenLib
7949	hydrometer	OpenLib
7950	naval architecture	OpenLib
7951	pyrometers	OpenLib
7952	destroyers 	OpenLib
7953	monitor 	OpenLib
7954	marine engineering	OpenLib
7955	armored vessels	OpenLib
7956	turrets	OpenLib
7957	anti-submarine warfare	OpenLib
7958	naval ordnance	OpenLib
7959	princeton 	OpenLib
7960	propellers	OpenLib
7961	floating batteries	OpenLib
7962	shipbuilding	OpenLib
7963	warships	OpenLib
7964	united states. navy	OpenLib
7965	middle-aged persons	OpenLib
7966	surveyors	OpenLib
7967	surveying	OpenLib
7968	disasters	OpenLib
7969	castles	OpenLib
7970	gothic novels	OpenLib
7971	erotic stories	OpenLib
7972	peregrinaciones	OpenLib
7973	novela inglesa	OpenLib
7974	virtue	OpenLib
7975	allan quatermain 	OpenLib
7976	diamond mines and mining	OpenLib
7977	hunting guides	OpenLib
7978	quatermain	OpenLib
7979	guías de caza	OpenLib
7980	unicorns in art	OpenLib
7981	lady and the unicorn	OpenLib
7982	achilles 	OpenLib
7983	calypso 	OpenLib
7984	classical literature	OpenLib
7985	dialects	OpenLib
7986	greek gods	OpenLib
7987	greek language	OpenLib
7988	greek poetry	OpenLib
7989	greeks	OpenLib
7990	homer	OpenLib
7991	hymns	OpenLib
7992	italian language	OpenLib
7993	literature in spanish	OpenLib
7994	odiseo 	OpenLib
7995	odysseus 	OpenLib
7996	penelope 	OpenLib
7997	poesía	OpenLib
7998	poesía épica griega	OpenLib
7999	translations in to english	OpenLib
8000	translations into arabic	OpenLib
8001	translations into armenian	OpenLib
8002	translations into latin	OpenLib
8003	translations into ukrainian	OpenLib
8004	trojan war	OpenLib
8005	literatura grega clássica	OpenLib
8006	poesia épica	OpenLib
8007	greek epic poety	OpenLib
8008	bekennende kirche authors	OpenLib
8009	sermon on the mount	OpenLib
8010	vie chrétienne	OpenLib
8011	théologie pratique	OpenLib
8012	spanish drama	OpenLib
8013	drama español	OpenLib
8014	translations from portuguese	OpenLib
8015	religious life	OpenLib
8016	zen buddhism	OpenLib
8017	czech fiction	OpenLib
8018	israel	OpenLib
8019	philip roth	OpenLib
8020	false personation	OpenLib
8021	antisemitism	OpenLib
8022	spy stories 7	OpenLib
8023	presidentes	OpenLib
8024	antisemitismo	OpenLib
8025	familias judías	OpenLib
8026	lectures et morceaux choisis	OpenLib
8027	novela de ciencia ficción	OpenLib
8028	red giants	OpenLib
8029	science-fiction américaine	OpenLib
8030	space colonies	OpenLib
8031	debt	OpenLib
8032	shopping	OpenLib
8033	becky bloomwood 	OpenLib
8034	éducation	OpenLib
8035	ouvrages avant 1800	OpenLib
8036	eskimos	OpenLib
8037	survival in literature	OpenLib
8038	inuit	OpenLib
8039	eskimo children	OpenLib
8040	wilderness survival	OpenLib
8041	shame	OpenLib
8042	mortality	OpenLib
8043	popular music	OpenLib
8044	women singers	OpenLib
8045	photographers	OpenLib
8046	chanteuses	OpenLib
8047	photographes	OpenLib
8048	compositeurs	OpenLib
8049	musique populaire	OpenLib
8050	spice trade	OpenLib
8051	commerce	OpenLib
8052	épices	OpenLib
8053	mères et fils	OpenLib
8054	kinsey millhone 	OpenLib
8055	women private investigators	OpenLib
8056	norwegian fiction	OpenLib
8057	doppelgèangers	OpenLib
8058	doppelgängers	OpenLib
8059	french novellas	OpenLib
8060	psychoanalysis	OpenLib
8061	existentialism	OpenLib
8062	lord wimsey	OpenLib
8063	marine biologists	OpenLib
8064	natural disasters	OpenLib
8065	ecology	OpenLib
8066	cases	OpenLib
8067	paranoia	OpenLib
8068	paranoia 	OpenLib
8069	psychiatry	OpenLib
8070	polish short stories	OpenLib
8071	sir ivanhoe	OpenLib
8072	anglo-saxons	OpenLib
8073	normans	OpenLib
8074	chivalry	OpenLib
8075	crusades	OpenLib
8076	medieval civilization	OpenLib
8077	jacobite rising	OpenLib
8078	scottish authors	OpenLib
8079	scottish fiction	OpenLib
8080	reformation	OpenLib
8081	yellowback books	OpenLib
8082	german autobiographical fiction	OpenLib
8083	german authors	OpenLib
8084	chimpanzees	OpenLib
8085	mevleviyeh	OpenLib
8086	railroads	OpenLib
8087	canadian fiction	OpenLib
8088	20e siècle	OpenLib
8089	rome	OpenLib
8090	nero	OpenLib
8091	primitive and early church	OpenLib
8092	néron	OpenLib
8093	église	OpenLib
8094	outward bound schools	OpenLib
8095	white-water canoeing	OpenLib
8096	transportation	OpenLib
8097	repression 	OpenLib
8098	accident victims	OpenLib
8099	bhopal union carbide plant disaster	OpenLib
8100	slums	OpenLib
8101	czechs	OpenLib
8102	travel writing	OpenLib
8103	muslim families	OpenLib
8104	jamaicans	OpenLib
8105	interracial marriage	OpenLib
8106	multiculturalism	OpenLib
8107	scots	OpenLib
8108	impressment	OpenLib
8109	rogues and vagabonds	OpenLib
8110	forced labor	OpenLib
8111	justices of the peace	OpenLib
8112	horses	OpenLib
8113	older people	OpenLib
8114	practical jokes	OpenLib
8115	new age movement	OpenLib
8116	motherhood	OpenLib
8117	disinheritance	OpenLib
8118	lesbian authors	OpenLib
8119	toklas	OpenLib
8120	working class women in literature	OpenLib
8121	community life	OpenLib
8122	italy	OpenLib
8123	translated into english	OpenLib
8124	northern italy	OpenLib
8125	constitutional history	OpenLib
8126	witenagemot	OpenLib
8127	jacobites	OpenLib
8128	aventures et aventuriers	OpenLib
8129	absence and presumption of death	OpenLib
8130	alumni and alumnae	OpenLib
8131	union theological seminary 	OpenLib
8132	women psychologists	OpenLib
8133	american love stories	OpenLib
8134	drunk driving	OpenLib
8135	mahābhārata	OpenLib
8136	kikuyu 	OpenLib
8137	missions	OpenLib
8138	xanth 	OpenLib
8139	don juan 	OpenLib
8140	protestants	OpenLib
8141	pregnant women	OpenLib
8142	barsetshire 	OpenLib
8143	nihilism 	OpenLib
8144	harry angstrom 	OpenLib
8145	middle class men	OpenLib
8146	social change	OpenLib
8147	peruvian short stories	OpenLib
8148	translations into gujarati	OpenLib
8149	viajes alrededor del mundo	OpenLib
8150	voyages around the world	OpenLib
8151	wagers	OpenLib
8152	bicycle touring	OpenLib
8153	cycling	OpenLib
8154	cyclists	OpenLib
8155	philanthropists	OpenLib
8156	abused women	OpenLib
8157	female circumcision	OpenLib
8158	mujeres afronorteamericanas	OpenLib
8159	gothic revival 	OpenLib
8160	gothic literature	OpenLib
8161	football and war	OpenLib
8162	rave culture	OpenLib
8163	littérature écossaise	OpenLib
8164	female impersonators	OpenLib
8165	relations with lesbians	OpenLib
8166	divorce	OpenLib
8167	college graduate	OpenLib
8168	animal experimentation	OpenLib
8169	comic and graphic books	OpenLib
8170	mississippi	OpenLib
8171	reunions	OpenLib
8172	reminiscing	OpenLib
8173	amnesia	OpenLib
8174	war neuroses	OpenLib
8175	rural poor	OpenLib
8176	beaches	OpenLib
8177	summer	OpenLib
8178	vacation homes	OpenLib
8179	appropriations and expenditures	OpenLib
8180	united states. congress. house	OpenLib
8181	legends and stories	OpenLib
8182	otters	OpenLib
8183	environment	OpenLib
8184	nature	OpenLib
8185	american novelists	OpenLib
8186	guillain-barré syndrome	OpenLib
8187	flashlightworthy	OpenLib
8188	stockbrokers	OpenLib
8189	bankers	OpenLib
8190	drug addiction	OpenLib
8191	narcotic habit	OpenLib
8192	pageants	OpenLib
8193	meteorites	OpenLib
8194	plant mutation	OpenLib
8195	baoyu jia 	OpenLib
8196	emperors	OpenLib
8197	novelas belgas	OpenLib
8198	novelas	OpenLib
8199	probabilities	OpenLib
8200	chance	OpenLib
8201	random variables	OpenLib
8202	labor disputes	OpenLib
8203	industrial relations	OpenLib
8204	miners	OpenLib
8205	literary collections	OpenLib
8206	work	OpenLib
8207	coal mining	OpenLib
8208	mineral industries	OpenLib
8209	mineurs	OpenLib
8210	mines	OpenLib
8211	grèves et lock-out	OpenLib
8212	world war,1939-1945	OpenLib
8213	dracula,count 	OpenLib
8214	arthur,	OpenLib
